<?xml version="1.0" encoding="UTF-8" ?>
<!DOCTYPE mapper
        PUBLIC "-//mybatis.org//DTD Mapper 3.0//EN"
        "http://mybatis.org/dtd/mybatis-3-mapper.dtd">

<mapper namespace="com.ZPW.mapper.UserMapper">
    <select id="findCus" parameterType="com.ZPW.po.Customer"
            resultType="com.ZPW.po.Customer">
        select * from t_customer where 1=1
        <choose>
            parameterType="com.ZPW.po.Customer"ikd
            resultType="com.ZPW.po.Customer">
            select * from t_customer where 1=1;
            <when test="username != null and username !=''">
                and username like concat ('%' ,#{username}, '%')
            </when>
            <when test="jobs !=null and jobs!=''">
                and jobs=#{jobs}
            </when>
            <otherwise>and phone is not null</otherwise>>
        </choose>
    </select>

</mapper>

