<?xml version="1.0" encoding="UTF-8"?>
<!DOCTYPE configuration PUBLIC "-//mybatis.org//DTD Config 3.0//EN"
"http://mybatis.org/dtd/mybatis-3-config.dtd">

<configuration>
    <properties resource="config/mysql.properties">
       <property name="username" value="root"/>
       <property name="password" value="843644154"/>
       <property name="url" value="jdbc:mysql://127.0.0.1:3306/test?serverTimezone=UTC&amp;useSSL=false&amp;characterEncoding=UTF-8"/>
       <!-- 注意在xml中url的参数分割符需要使用&amp代替&,amp$还要以;分割，这是跟JDBC不一样的地方 -->
    </properties>
   
    <typeAliases>
        <typeAlias alias="User" type="com.test.entity.User" />
    </typeAliases>

    <environments default="development">
        <environment id="development">
            <transactionManager type="JDBC" />
            <dataSource type="POOLED">
                <property name="driver" value="${driver}" />
                <property name="url" value="${url}"/>
                <property name="username" value="${username}"/>
                <property name="password" value="${password}"/>
            </dataSource>
        </environment>
    </environments>

    <mappers>
        <mapper resource="com/test/entity/UserMapper.xml" />
    </mappers>
</configuration>
