<?xml version="1.0" encoding="UTF-8" ?>
<!DOCTYPE mapper
        PUBLIC "-//mybatis.org//DTD Mapper 3.0//EN"
        "http://mybatis.org/dtd/mybatis-3-mapper.dtd">

<mapper namespace="com.ZPW.mapper.UserMapper">

    <select id="findCustomerById" parameterType="Integer" resultType="com.ZPW.po.Customer">
		select * from t_customer where id = #{id}
	</select>

    <insert id="addCustomer" parameterType="com.ZPW.po.Customer">
        insert into t_customer(username,jobs,phone) values(#{username},#{jobs},#{phone})
    </insert>

    <update id="updateCustomer" parameterType="com.ZPW.po.Customer">
        update t_customer
        set username = #{username},jobs=#{jobs},phone = #{phone}
        where id = #{id}
    </update>

    <delete id="deleteCu" parameterType="Integer">
        delete from t_customer where id=#{id}
    </delete>


</mapper>

